username,role
ram,student
ramanjaneyulu,admin
surya,admin
dhoni,student
alicia56482,student
ecurry607,student
austinbaxter566,admin
radams699,student
natasha41917,student
katie53147,student
shelby03364,student
feliciacantu413,student
angelapowell913,student
ryan6614,student
mcgeejane817,student
cynthia54808,student
heather02179,student
zsavage770,student
annettewarner365,student
amanda05804,student
mason94564,student
hintonjoshua68,admin
john01571,student
rachel81388,student
brandy57198,student
steve68644,student
emilywalker990,student
steven62809,student
lisayoung646,student
jkrueger789,student
vpugh12,student
larry27533,student
jameskeller47,student
warrenjamie459,student
lee95596,student
elliottmichael44,student
jessicalopez21,student
hansonbarbara945,student
friedmanrachel739,student
andrepineda83,student
tinastone628,student
erica91503,student
jeffrey11538,student
tdelacruz347,student
anthonygould871,student
helen10803,student
elizabeth30440,student
williamsedward450,student
farmercarol839,student
sarah60571,student
jasmineyoung13,student
patriciasalinas351,student
christian8721,student
garciaharold844,student
morrisjonathon971,student
garciatara964,student
kristenmorris364,student
wweber807,student
zjohnson735,student
alan17169,student
diana11693,student
gregorymichael457,student
qmurphy835,student
pgriffith640,student
dstafford364,student
myerselizabeth921,student
mistyquinn200,student
david35388,student
caitlinlopez21,student
eddiepatel54,student
markellison36,student
richard80541,student
wtorres773,student
megan11151,student
joshuathornton611,student
hartmanchristopher140,student
browngregory517,student
xturner931,student
rdavis411,student
wardamber581,admin
cooleyamanda962,student
heidi40785,student
butlermichael234,student
henrycindy570,student
patriciaruiz826,student
kellertyler881,student
reevesdarlene906,student
aacevedo560,student
amyle922,student
sbennett579,student
michael27598,student
olivergeorge420,student
jacqueline67666,student
patrickhanson405,student
ujefferson646,student
monicarogers731,student
murraykimberly34,student
anthony58261,student
michael77452,student
jdavidson568,student
dlang269,student
christinahooper920,student
peckbradley19,student
ruizkelly965,student
